Well ID,Date,Time,Thaw Depth (cm),depth to water (cm)
IMP-01,7/23/2024,0.556944444,71,4.3
IMP-02,7/23/2024,0.557638889,58.66666667,-0.4
IMP-03,7/23/2024,0.558333333,58,-2
IMP-04,7/23/2024,0.559027778,62.66666667,-0.7
IMP-05,7/23/2024,0.559027778,56.66666667,-0.5
IMP-06,7/23/2024,0.559722222,60,1.1
IMP-07,7/23/2024,0.560416667,55.66666667,1.4
IMP-08,7/23/2024,0.560416667,62.66666667,1.5
IMP-09,7/23/2024,0.561111111,49.66666667,-2
IMP-10,7/23/2024,0.561805556,46,5
IMP-11,7/23/2024,0.561805556,40.66666667,1.4
IMP-12,7/23/2024,0.5625,49.33333333,3.3
IMP-13,7/23/2024,0.563194444,44,4.6
IMP-14,7/23/2024,0.563194444,53.33333333,-0.4
IMP-15,7/23/2024,0.563888889,50,-0.2
IMP-16,7/23/2024,0.563888889,41.66666667,4.3
IMP-17,7/23/2024,0.564583333,52.33333333,3.4
IMP-18,7/23/2024,0.565277778,63.66666667,0.7
IMP-19,7/23/2024,0.565277778,58,20.5
IMP-29,7/23/2024,0.570138889,40.66666667,3.5
IMP-28,7/23/2024,0.570138889,36.33333333,12.3
IMP-27,7/23/2024,0.570833333,40.66666667,5.5
IMP-26,7/23/2024,0.571527778,49.66666667,17.5
IMP-25,7/23/2024,0.572916667,33,-1
IMP-24,7/23/2024,0.573611111,50,2.6
IMP-23,7/23/2024,0.574305556,43.33333333,10
IMP-22,7/23/2024,0.575,45,7.7
IMP-21,7/23/2024,0.575,36,10.4
IMP-20,7/23/2024,0.575694444,57,12.8
IMP-00/SAR22-300,7/23/2024,0.55625,62.33333333,0.4
IMP-01,7/11/2024,0.440277778,41,2
IMP-02,7/11/2024,0.443055556,38.33333333,-1
IMP-03,7/11/2024,0.444444444,48,-1
IMP-04,7/11/2024,0.445138889,42.66666667,-0.5
IMP-05,7/11/2024,0.445833333,47,-4.5
IMP-06,7/11/2024,0.446527778,40.33333333,-3
IMP-07,7/11/2024,0.448611111,43,-3
IMP-08,7/11/2024,0.449305556,42,-1.5
IMP-09,7/11/2024,0.45,39.33333333,-3.5
IMP-10,7/11/2024,0.450694444,34,0.5
IMP-11,7/11/2024,0.451388889,31,-1.5
IMP-12,7/11/2024,0.452083333,32.66666667,-2
IMP-13,7/11/2024,0.452777778,33,-3
IMP-14,7/11/2024,0.453472222,36.66666667,-3
IMP-15,7/11/2024,0.454861111,35.33333333,-1
IMP-16,7/11/2024,0.454861111,33.33333333,-0.5
IMP-17,7/11/2024,0.45625,39.66666667,0
IMP-18,7/11/2024,0.456944444,41,-3.5
IMP-19,7/11/2024,0.457638889,39,-2
IMP-20,7/11/2024,0.442361111,34.66666667,5
IMP-21,7/11/2024,0.443055556,27.66666667,9
IMP-22,7/11/2024,0.444444444,28.33333333,5
IMP-23,7/11/2024,0.445833333,29.66666667,6.5
IMP-24,7/11/2024,0.449305556,39.33333333,-0.5
IMP-25,7/11/2024,0.451388889,31.66666667,-3
IMP-26,7/11/2024,0.452777778,31.66666667,9.5
IMP-27,7/11/2024,0.454166667,29.33333333,4.5
IMP-28,7/11/2024,0.455555556,30.33333333,9
IMP-29,7/11/2024,0.457638889,33.66666667,2.5
IMP-00/SAR22-300,7/11/2024,0.439583333,32.66666667,-9.5
IMP-01,8/21/2024,0.572916667,88,-1.3
IMP-02,8/21/2024,0.579861111,70.66666667,-3
IMP-03,8/21/2024,0.583333333,65.33333333,-10.8
IMP-04,8/21/2024,0.586805556,69.33333333,-6.3
IMP-05,8/21/2024,0.59375,61.33333333,-5.6
IMP-06,8/21/2024,0.597222222,68,-3.6
IMP-07,8/21/2024,0.600694444,71.66666667,-11.8
IMP-08,8/21/2024,0.606944444,91.66666667,-9.4
IMP-09,8/21/2024,0.611111111,62.66666667,-7.1
IMP-10,8/21/2024,0.614583333,50.33333333,-8.1
IMP-11,8/21/2024,0.618055556,57.33333333,-6.8
IMP-12,8/21/2024,0.621527778,65,-1.6
IMP-13,8/21/2024,0.625,68.33333333,-2.3
IMP-14,8/21/2024,0.628472222,61.66666667,-5.8
IMP-15,8/21/2024,0.631944444,61,-4.1
IMP-16,8/21/2024,0.635416667,60.33333333,-2
IMP-17,8/21/2024,0.638888889,65,-2.9
IMP-18,8/21/2024,0.640972222,81.66666667,-4.2
IMP-19,8/21/2024,0.645833333,68.66666667,4.7
IMP-20,8/21/2024,0.680555556,77.66666667,2.3
IMP-21,8/21/2024,0.677083333,55.33333333,2.7
IMP-22,8/21/2024,0.673611111,62.66666667,2.5
IMP-23,8/21/2024,0.670833333,59.66666667,5.7
IMP-24,8/21/2024,0.668055556,64,-3.5
IMP-25,8/21/2024,0.664583333,47,-7.6
IMP-26,8/21/2024,0.659722222,67.66666667,4.3
IMP-27,8/21/2024,0.657638889,53.66666667,1
IMP-28,8/21/2024,0.654166667,54.33333333,4.4
IMP-29,8/21/2024,0.649305556,57,0.7
IMP-00/SAR22-300,8/22/2024,0.49375,76.66666667,-3.3
IMP-00/SAR22-300,6/22/2024,0.488194444,26.33333333,6
IMP-01,6/22/2024,0.497222222,32.66666667,5.9
IMP-03,6/22/2024,0.502777778,32,0.8
IMP-05,6/22/2024,0.507638889,33.33333333,-4.5
IMP-07,6/22/2024,0.5125,30,2.5
IMP-09,6/22/2024,0.515972222,31.33333333,4
IMP-11,6/22/2024,0.521527778,35.66666667,-22
IMP-13,6/22/2024,0.524305556,32.33333333,11
IMP-14,6/22/2024,0.532638889,31,-4
IMP-15,6/22/2024,0.594444444,29,4
IMP-16,6/22/2024,0.536111111,28.33333333,11
IMP-17,6/22/2024,0.540277778,35.33333333,8
IMP-02,6/22/2024,0.565277778,26.66666667,-1
IMP-04,6/22/2024,0.576388889,32.66666667,-0.5
IMP-06,6/22/2024,0.579166667,36.66666667,2
IMP-08,6/22/2024,0.58125,36.33333333,7
IMP-10,6/22/2024,0.586111111,29.33333333,6
IMP-12,6/22/2024,0.590277778,45,4
IMP-20,6/22/2024,0.568055556,29.66666667,13.5
IMP-22,6/22/2024,0.573611111,27,7
IMP-23,6/22/2024,0.577083333,27.33333333,12
IMP-24,6/22/2024,0.584722222,34,2
IMP-25,6/22/2024,0.588888889,25.66666667,-1
IMP-26,6/22/2024,0.593055556,40.33333333,10.5
IMP-27,6/22/2024,0.596527778,26,15
IMP-00/SAR22-300,6/26/2024,0.520833333,35,7.9
IMP-01,6/26/2024,0.525,41,8.4
IMP-02,6/26/2024,0.527083333,31,1.3
IMP-20,6/26/2024,0.529166667,36,20.8
IMP-22,6/26/2024,0.532638889,29,26.2
IMP-03,6/26/2024,0.538888889,32.33333333,-0.7
IMP-04,6/26/2024,0.544444444,35,4.4
IMP-05,6/26/2024,0.590277778,24,3.1
IMP-23,6/26/2024,0.592361111,29.33333333,18.4
IMP-06,6/26/2024,0.594444444,39,5.9
IMP-07,6/26/2024,0.596527778,34,8
IMP-08,6/26/2024,0.6,37.33333333,8.5
IMP-24,6/26/2024,0.602083333,39.66666667,8.9
IMP-09,6/26/2024,0.604166667,32.33333333,4
IMP-10,6/26/2024,0.606944444,30.66666667,11
IMP-25,6/26/2024,0.609027778,27.66666667,5.1
IMP-11,6/26/2024,0.611805556,36.33333333,7.6
IMP-12,6/26/2024,0.613888889,43.66666667,8.2
IMP-26,6/26/2024,0.616666667,41.33333333,19.4
IMP-13,6/26/2024,0.619444444,34.66666667,15.9
IMP-14,6/26/2024,0.622222222,45,7.5
IMP-27,6/26/2024,0.623611111,31,21.7
IMP-15,6/26/2024,0.625694444,42.66666667,9.9
IMP-16,6/26/2024,0.628472222,31.66666667,16.1
IMP-17,6/26/2024,0.63125,34,16.7
IMP-18,6/26/2024,0.633333333,67.33333333,15.6
IMP-19,6/26/2024,0.635416667,33.66666667,5.3
