Date,year,enthalpy_mean[J/mol]
1981-08-26,1981,-479.8635821718249
1982-08-25,1982,-491.2820332418151
1983-08-31,1983,-510.7866330675856
1984-08-31,1984,-520.9361866358238
1985-08-31,1985,-535.9540538611946
1986-08-31,1986,-536.9102776835392
1987-08-25,1987,-539.6119783023408
1988-08-20,1988,-522.9415867072863
1989-08-28,1989,-516.1247338217032
1990-08-17,1990,-520.574066736007
1991-08-15,1991,-513.2221100513945
1992-08-31,1992,-523.7044903544886
1993-08-20,1993,-511.529260674881
1994-08-06,1994,-504.47447018649746
1995-08-12,1995,-493.3837486969636
1996-08-15,1996,-500.7833354647252
1997-08-31,1997,-498.8120360241442
1998-08-26,1998,-498.38156011452844
1999-08-23,1999,-504.44198205870106
2000-08-31,2000,-517.9797126507402
2001-08-29,2001,-513.9082011767325
2002-08-31,2002,-528.5865377631014
2003-08-30,2003,-516.4237360233469
2004-08-21,2004,-512.6021647507662
2005-08-14,2005,-491.60844253233364
2006-08-31,2006,-506.47957266164826
2007-08-28,2007,-508.14007440060595
2008-08-31,2008,-526.3066046491896
2009-08-31,2009,-522.9773135858748
2010-08-18,2010,-516.2954420126118
2011-08-31,2011,-504.32559658817604
2012-08-23,2012,-507.0793925583814
2013-08-12,2013,-503.1862922568657
2014-08-27,2014,-482.85428731855774
2015-08-16,2015,-474.8547930924014
2016-08-27,2016,-463.44340146484006
2017-08-10,2017,-460.8806775906526
2018-07-31,2018,-445.68683713336554
2019-07-25,2019,-450.13723853787684
2020-08-23,2020,-477.6288279193015
2021-08-05,2021,-481.4832574368352
2022-08-31,2022,-497.07314631990414
2023-08-28,2023,-490.49932382456217
2024-08-08,2024,-477.13920910973206
