Date/Hour,2889E111D0000D2,2842DC11D0000DD,28E49A13D000041,28AD4E13D0000E3,28B8DA11D0000FC,28F1E511D0000F4
26/06/2024 19:35 ,20.6875,14,7.25,2.8125,0.0625,-0.0625
26/06/2024 23:35 ,13.875,12.1875,7.5,2.9375,0.125,-0.0625
27/06/2024 03:35 ,9.1875,10.1875,7.25,3.0625,0.125,-0.0625
27/06/2024 07:35 ,14,9.5625,6.875,3.0625,0.1875,-0.0625
27/06/2024 11:35 ,27.75,12.4375,6.8125,3,0.1875,-0.0625
27/06/2024 15:35 ,29.5,14.875,7.1875,3,0.1875,-0.0625
27/06/2024 19:35 ,21.0625,15.3125,7.8125,3.0625,0.1875,-0.0625
27/06/2024 23:35 ,14.125,12.9375,8.125,3.25,0.25,-0.0625
28/06/2024 03:35 ,9.625,11.0625,7.9375,3.375,0.25,-0.0625
28/06/2024 07:35 ,13.125,10,7.5,3.4375,0.3125,-0.0625
28/06/2024 11:35 ,19.0625,11.8125,7.3125,3.4375,0.3125,-0.0625
28/06/2024 15:35 ,11.8125,11.8125,7.5625,3.4375,0.375,-0.0625
28/06/2024 19:35 ,16.0625,11.75,7.5625,3.5,0.375,-0.0625
28/06/2024 23:35 ,11,10.8125,7.5625,3.5625,0.4375,-0.0625
29/06/2024 03:35 ,9.625,9.5625,7.3125,3.5625,0.4375,-0.0625
29/06/2024 07:35 ,10.1875,9.0625,6.9375,3.5,0.4375,-0.0625
29/06/2024 11:35 ,11.8125,9.25,6.6875,3.375,0.5,-0.0625
29/06/2024 15:35 ,11.8125,9.8125,6.5625,3.3125,0.5,-0.0625
29/06/2024 19:35 ,13.5625,9.8125,6.5625,3.25,0.5,-0.0625
29/06/2024 23:35 ,10.125,9.3125,6.5,3.25,0.5,-0.0625
30/06/2024 03:35 ,5.75,7.8125,6.25,3.1875,0.5,-0.0625
30/06/2024 07:35 ,9.4375,7.1875,5.8125,3.125,0.5,-0.0625
30/06/2024 11:35 ,22.4375,10.1875,5.75,3,0.5625,-0.0625
30/06/2024 15:35 ,22.3125,12.6875,6.25,3,0.5625,-0.0625
30/06/2024 19:35 ,17.0625,11.75,6.75,3.0625,0.5625,-0.0625
30/06/2024 23:35 ,12.75,10.75,6.8125,3.25,0.625,-0.0625
01/07/2024 03:35 ,9.25,9.375,6.75,3.3125,0.625,-0.0625
01/07/2024 07:35 ,11.9375,9,6.5,3.375,0.6875,-0.0625
01/07/2024 11:35 ,21.3125,10.6875,6.4375,3.375,0.6875,-0.0625
01/07/2024 15:35 ,28.875,14.1875,6.9375,3.375,0.6875,-0.0625
01/07/2024 19:35 ,18.875,13.875,7.6875,3.5,0.75,0
01/07/2024 23:35 ,12.8125,11.6875,7.8125,3.6875,0.8125,0
02/07/2024 03:35 ,9.75,9.625,7.5,3.8125,0.875,-0.0625
02/07/2024 07:35 ,13.25,9.3125,7.125,3.875,0.875,0
02/07/2024 11:35 ,16,10.6875,7,3.8125,0.9375,0
02/07/2024 15:35 ,15.875,11.875,7.375,3.8125,0.9375,0
02/07/2024 19:35 ,11.4375,10.5625,7.5,3.875,1,0
02/07/2024 23:35 ,10.4375,9.5,7.3125,3.9375,1,0
03/07/2024 03:35 ,8.3125,8.4375,6.9375,3.9375,1.0625,0
03/07/2024 07:35 ,8.5625,8.125,6.625,3.875,1.0625,0
03/07/2024 11:35 ,11.3125,8.875,6.5,3.8125,1.125,0
03/07/2024 15:35 ,9.5625,9.1875,6.75,3.8125,1.125,0
03/07/2024 19:35 ,10.5,10.5625,7.3125,3.875,1.125,0
03/07/2024 23:35 ,8.25,8.8125,7.25,3.875,1.125,0
04/07/2024 03:35 ,7.4375,8.0625,6.9375,4,1.125,0
04/07/2024 07:35 ,7.8125,7.9375,6.625,3.9375,1.125,0
04/07/2024 11:35 ,11.6875,9.625,6.625,3.8125,1.1875,0.0625
04/07/2024 15:35 ,14.4375,11.625,7,3.8125,1.1875,0.0625
04/07/2024 19:35 ,11.9375,10.8125,7.3125,3.8125,1.1875,0.0625
04/07/2024 23:35 ,8.8125,9.25,7.25,3.875,1.1875,0.0625
05/07/2024 03:35 ,7.75,8.3125,6.9375,3.9375,1.25,0.0625
05/07/2024 07:35 ,7.5,7.6875,6.625,3.875,1.25,0.0625
05/07/2024 11:35 ,7.8125,7.5,6.3125,3.875,1.25,0.0625
05/07/2024 15:35 ,8.6875,7.875,6.0625,3.75,1.25,0.0625
05/07/2024 19:35 ,7.875,7.625,6,3.625,1.25,0.0625
05/07/2024 23:35 ,5.8125,6.3125,5.8125,3.5625,1.25,0.0625
06/07/2024 03:35 ,4.125,4.9375,5.4375,3.4375,1.25,0.0625
06/07/2024 07:35 ,3.5625,4.125,4.9375,3.3125,1.25,0.0625
06/07/2024 11:35 ,4.0625,4.125,4.5,3.1875,1.1875,0.0625
06/07/2024 15:35 ,4.9375,4.625,4.1875,3,1.125,0.0625
06/07/2024 19:35 ,2.875,3.625,4,2.8125,1.0625,0.0625
06/07/2024 23:35 ,1.6875,2.5625,3.75,2.6875,1.0625,0.0625
07/07/2024 03:35 ,1.0625,1.8125,3.3125,2.5,1,0.0625
07/07/2024 07:35 ,1.375,1.6875,2.875,2.3125,0.9375,0.0625
07/07/2024 11:35 ,2.875,2.4375,2.5625,2.125,0.875,0.0625
07/07/2024 15:35 ,4.4375,3.5625,2.5,1.9375,0.8125,0.0625
07/07/2024 19:35 ,4.5,4,2.625,1.8125,0.8125,0.0625
07/07/2024 23:35 ,3.1875,3.375,2.6875,1.8125,0.75,0.0625
08/07/2024 03:35 ,1.5,2.1875,2.625,1.8125,0.6875,0.0625
08/07/2024 07:35 ,1.8125,2.0625,2.4375,1.6875,0.6875,0.0625
08/07/2024 11:35 ,4,2.9375,2.25,1.625,0.625,0.0625
08/07/2024 15:35 ,6.625,4.625,2.3125,1.5625,0.625,0.0625
08/07/2024 19:35 ,8.1875,6.125,2.6875,1.625,0.625,0.0625
08/07/2024 23:35 ,5.5,5.3125,3,1.625,0.625,0.0625
09/07/2024 03:35 ,3.0625,3.875,3.125,1.75,0.625,0.0625
09/07/2024 07:35 ,3.625,3.375,3.0625,1.8125,0.6875,0.0625
09/07/2024 11:35 ,6,4.4375,2.9375,1.8125,0.6875,0.0625
09/07/2024 15:35 ,10.0625,6.5625,3.0625,1.875,0.6875,0.0625
09/07/2024 19:35 ,9.4375,7.4375,3.5,1.9375,0.75,0.0625
09/07/2024 23:35 ,7.9375,7.125,3.875,2,0.75,0.0625
10/07/2024 03:35 ,6.4375,6.375,4.125,2.1875,0.8125,0.0625
10/07/2024 07:35 ,7.0625,6.125,4.125,2.3125,0.875,0.0625
10/07/2024 11:35 ,10.4375,7.1875,4.1875,2.375,0.9375,0.125
10/07/2024 15:35 ,12.25,9.125,4.5,2.5,0.9375,0.125
10/07/2024 19:35 ,12.6875,10.125,4.9375,2.625,1,0.125
10/07/2024 23:35 ,10.625,9.6875,5.4375,2.75,1.0625,0.125
11/07/2024 03:35 ,9.0625,8.75,5.75,2.9375,1.125,0.1875
11/07/2024 07:35 ,9.4375,8.4375,5.8125,3.125,1.1875,0.1875
11/07/2024 11:35 ,14.4375,9.75,5.8125,3.25,1.25,0.1875
11/07/2024 15:35 ,16.1875,11.6875,6.0625,3.3125,1.3125,0.1875
11/07/2024 19:35 ,14.375,12,6.625,3.5,1.375,0.25
11/07/2024 23:35 ,12.1875,11.3125,7,3.6875,1.4375,0.25
12/07/2024 03:35 ,10.875,10.4375,7.1875,3.875,1.5,0.25
12/07/2024 07:35 ,10.75,9.8125,7.125,4.0625,1.5625,0.25
12/07/2024 11:35 ,13.375,10.625,7.0625,4.125,1.6875,0.3125
12/07/2024 15:35 ,19.1875,12.6875,7.3125,4.1875,1.75,0.3125
12/07/2024 19:35 ,16.6875,13.5625,7.8125,4.3125,1.75,0.3125
12/07/2024 23:35 ,13.3125,12.625,8.25,4.5,1.8125,0.375
13/07/2024 03:35 ,11.125,11.25,8.375,4.75,1.9375,0.375
13/07/2024 07:35 ,10.9375,10.4375,8.25,4.8125,2,0.4375
13/07/2024 11:35 ,14,10.875,8.0625,4.9375,2.0625,0.4375
13/07/2024 15:35 ,14.6875,12.375,8.125,5,2.1875,0.5
13/07/2024 19:35 ,14.1875,12.5625,8.4375,5.0625,2.1875,0.5
13/07/2024 23:35 ,12.1875,11.8125,8.6875,5.1875,2.25,0.5
14/07/2024 03:35 ,10.75,10.9375,8.625,5.375,2.3125,0.5625
14/07/2024 07:35 ,10.5,10.25,8.5,5.4375,2.375,0.625
14/07/2024 11:35 ,11.625,10.1875,8.25,5.4375,2.4375,0.625
14/07/2024 15:35 ,12.625,10.5625,8.125,5.4375,2.5,0.625
14/07/2024 19:35 ,12.875,11.125,8.1875,5.4375,2.5,0.6875
14/07/2024 23:35 ,11.375,10.875,8.25,5.375,2.5625,0.6875
15/07/2024 03:35 ,10.375,10.25,8.3125,5.4375,2.5625,0.75
15/07/2024 07:35 ,10.375,9.8125,8.1875,5.5,2.625,0.75
15/07/2024 11:35 ,13.25,10.25,8,5.4375,2.625,0.8125
15/07/2024 15:35 ,14.3125,11.375,8.0625,5.4375,2.625,0.8125
15/07/2024 19:35 ,12.1875,11.4375,8.3125,5.5,2.625,0.8125
15/07/2024 23:35 ,9.9375,10.625,8.4375,5.5,2.6875,0.875
16/07/2024 03:35 ,6.5,9.0625,8.3125,5.5625,2.75,0.9375
16/07/2024 07:35 ,7.125,8.1875,7.875,5.5625,2.75,0.9375
16/07/2024 11:35 ,15.625,9.4375,7.5625,5.5,2.75,0.9375
16/07/2024 15:35 ,14.9375,11.875,7.625,5.375,2.75,0.9375
16/07/2024 19:35 ,13,12.125,8.1875,5.4375,2.8125,1
16/07/2024 23:35 ,11.3125,11.0625,8.4375,5.5,2.8125,1
17/07/2024 03:35 ,8.25,9.6875,8.375,5.625,2.875,1
17/07/2024 07:35 ,9.25,9.125,8.125,5.625,2.875,1.0625
17/07/2024 11:35 ,10.75,9.625,7.875,5.625,2.9375,1.0625
17/07/2024 15:35 ,19.0625,12.5,7.875,5.5625,2.875,1.0625
17/07/2024 19:35 ,11.75,11.5625,8.3125,5.5625,2.9375,1.125
17/07/2024 23:35 ,10,10.625,8.5,5.625,2.875,1.125
18/07/2024 03:35 ,7,9.0625,8.3125,5.625,2.9375,1.125
18/07/2024 07:35 ,8.3125,8.375,7.9375,5.625,2.9375,1.1875
18/07/2024 11:35 ,13.1875,9.25,7.625,5.5625,2.9375,1.1875
18/07/2024 15:35 ,15.5,11.75,7.625,5.5,2.9375,1.25
18/07/2024 19:35 ,13.625,11.8125,8.0625,5.5,2.9375,1.25
18/07/2024 23:35 ,10.9375,11.0625,8.375,5.5625,3,1.25
19/07/2024 03:35 ,9.0625,9.875,8.3125,5.625,3,1.25
19/07/2024 07:35 ,8.8125,9.125,8.125,5.6875,3.0625,1.3125
19/07/2024 11:35 ,13.875,9.8125,7.875,5.6875,3.0625,1.3125
19/07/2024 15:35 ,18.875,13,8,5.625,3.0625,1.3125
19/07/2024 19:35 ,15.0625,13.4375,8.625,5.6875,3.125,1.375
19/07/2024 23:35 ,11.375,12,9.0625,5.875,3.1875,1.4375
20/07/2024 03:35 ,9.3125,10.625,9,6.0625,3.25,1.4375
20/07/2024 07:35 ,10.125,9.875,8.75,6.1875,3.375,1.5
20/07/2024 11:35 ,17.9375,11.75,8.5625,6.1875,3.4375,1.5625
20/07/2024 15:35 ,23.75,15.5,9,6.1875,3.4375,1.5625
20/07/2024 19:35 ,16.25,14.3125,9.6875,6.375,3.5625,1.6875
20/07/2024 23:35 ,11.9375,12.3125,9.8125,6.5625,3.625,1.6875
21/07/2024 03:35 ,8.9375,10.6875,9.625,6.75,3.75,1.75
21/07/2024 07:35 ,11,10.5,9.3125,6.75,3.8125,1.8125
21/07/2024 11:35 ,19.3125,13.0625,9.1875,6.8125,3.875,1.875
21/07/2024 15:35 ,25,15.8125,9.625,6.75,3.9375,1.875
21/07/2024 19:35 ,18.25,15.25,10.1875,6.875,3.875,1.875
21/07/2024 23:35 ,13.5,13.5,10.4375,7,4,1.9375
22/07/2024 03:35 ,11.6875,12.125,10.3125,7.1875,4.0625,2
22/07/2024 07:35 ,11.6875,11.625,10.0625,7.25,4.125,2
22/07/2024 11:35 ,13.8125,12.1875,9.9375,7.3125,4.25,2.125
22/07/2024 15:35 ,15.4375,13.3125,10,7.3125,4.3125,2.1875
22/07/2024 19:35 ,14.4375,13.25,10.25,7.375,4.375,2.25
22/07/2024 23:35 ,12.5625,12.4375,10.25,7.375,4.375,2.25
23/07/2024 03:35 ,10.9375,11.5625,10.125,7.375,4.375,2.25
23/07/2024 07:35 ,10.875,10.9375,9.8125,7.3125,4.375,2.25
23/07/2024 11:35 ,18.8125,12.25,9.625,7.25,4.375,2.3125
23/07/2024 15:35 ,25.625,16.125,9.875,7.1875,4.375,2.3125
23/07/2024 19:35 ,20.5625,16.8125,10.5625,7.3125,4.375,2.375
23/07/2024 23:35 ,14.5,14.3125,11,7.5,4.4375,2.375
24/07/2024 03:35 ,12.0625,12.8125,10.875,7.6875,4.5625,2.4375
24/07/2024 07:35 ,13.9375,12.6875,10.6875,7.8125,4.625,2.5
24/07/2024 11:35 ,22.125,15.0625,10.6875,7.8125,4.6875,2.5625
24/07/2024 15:35 ,27.5625,17.1875,11.125,7.875,4.75,2.625
24/07/2024 19:35 ,21.75,17.625,11.75,8,4.75,2.5625
24/07/2024 23:35 ,15.1875,15.375,12.0625,8.1875,4.8125,2.625
25/07/2024 03:35 ,11.0625,12.875,11.75,8.375,4.875,2.6875
25/07/2024 07:35 ,13.125,12.125,11.25,8.375,5,2.75
25/07/2024 11:35 ,22.625,14.5625,11,8.3125,5.0625,2.8125
25/07/2024 15:35 ,22.625,17,11.5,8.3125,5.0625,2.8125
25/07/2024 19:35 ,17.1875,15.6875,12,8.5,5.25,2.9375
25/07/2024 23:35 ,14.0625,14.375,12,8.6875,5.375,3.0625
26/07/2024 03:35 ,13.125,13.4375,11.8125,8.8125,5.5,3.1875
26/07/2024 07:35 ,13.5625,13,11.5625,8.8125,5.5,3.1875
26/07/2024 11:35 ,16.625,13.6875,11.3125,8.6875,5.5,3.1875
26/07/2024 15:35 ,14.5,14.25,11.375,8.6875,5.5625,3.25
26/07/2024 19:35 ,12.5,13.1875,11.4375,8.625,5.5625,3.25
26/07/2024 23:35 ,10.0625,11.75,11.1875,8.5625,5.5625,3.25
27/07/2024 03:35 ,7.75,10,10.625,8.4375,5.5,3.25
27/07/2024 07:35 ,5.4375,8,9.8125,8.1875,5.375,3.25
27/07/2024 11:35 ,3.9375,6.125,8.875,7.8125,5.3125,3.25
27/07/2024 15:35 ,6.25,6.3125,8,7.4375,5.1875,3.1875
27/07/2024 19:35 ,5.9375,6.625,7.625,7.125,5.0625,3.1875
27/07/2024 23:35 ,4.25,6,7.3125,6.8125,4.9375,3.125
28/07/2024 03:35 ,3.25,5.1875,6.875,6.5,4.75,3.0625
28/07/2024 07:35 ,3.3125,4.6875,6.4375,6.1875,4.5625,3
28/07/2024 11:35 ,5.0625,4.875,6.0625,5.875,4.375,2.875
28/07/2024 15:35 ,7.25,5.8125,5.8125,5.625,4.25,2.8125
28/07/2024 19:35 ,6.75,6.25,5.875,5.4375,4.0625,2.75
28/07/2024 23:35 ,6.125,6.3125,5.9375,5.25,3.9375,2.625
29/07/2024 03:35 ,5.0625,5.9375,5.875,5.1875,3.8125,2.5625
29/07/2024 07:35 ,4.875,5.4375,5.75,5.0625,3.6875,2.4375
29/07/2024 11:35 ,7.25,5.6875,5.5625,4.875,3.5625,2.375
29/07/2024 15:35 ,10.4375,7,5.5625,4.8125,3.5,2.3125
29/07/2024 19:35 ,9.625,7.9375,5.8125,4.75,3.375,2.25
29/07/2024 23:35 ,7.6875,7.75,6.125,4.6875,3.3125,2.1875
30/07/2024 03:35 ,6.625,7.1875,6.1875,4.75,3.25,2.125
30/07/2024 07:35 ,6.25,6.625,6.125,4.75,3.1875,2.125
30/07/2024 11:35 ,7.3125,6.5,5.9375,4.6875,3.1875,2.0625
30/07/2024 15:35 ,8.4375,7,5.875,4.6875,3.125,2.0625
30/07/2024 19:35 ,8.0625,7.25,5.9375,4.625,3.125,2
30/07/2024 23:35 ,7,7.125,6,4.625,3.0625,2
31/07/2024 03:35 ,5.625,6.5625,5.9375,4.5625,3.0625,2
31/07/2024 07:35 ,5.3125,6,5.8125,4.5625,3.0625,1.9375
31/07/2024 11:35 ,9.4375,6.5,5.625,4.5,3,1.9375
31/07/2024 15:35 ,9,7.5,5.625,4.4375,3,1.9375
31/07/2024 19:35 ,9.5625,8,5.875,4.4375,2.9375,1.9375
31/07/2024 23:35 ,8.25,7.875,6.0625,4.4375,2.9375,1.9375
01/08/2024 03:35 ,7.25,7.375,6.125,4.5,2.9375,1.875
01/08/2024 07:35 ,6.75,6.9375,6.0625,4.5,2.9375,1.875
01/08/2024 11:35 ,9.5625,7.375,5.9375,4.5,2.9375,1.875
01/08/2024 15:35 ,10.0625,8.3125,6,4.5,2.875,1.875
01/08/2024 19:35 ,6.1875,7.5625,6.25,4.5,2.9375,1.875
01/08/2024 23:35 ,4.9375,6.4375,6.125,4.5625,2.9375,1.875
02/08/2024 03:35 ,4.375,5.6875,5.875,4.5,2.9375,1.875
02/08/2024 07:35 ,3.9375,5.125,5.5625,4.5,2.875,1.875
02/08/2024 11:35 ,6.125,5.0625,5.25,4.375,2.875,1.875
02/08/2024 15:35 ,8.8125,6.1875,5.125,4.25,2.875,1.875
02/08/2024 19:35 ,8.625,7,5.25,4.125,2.8125,1.875
02/08/2024 23:35 ,6.1875,6.8125,5.4375,4.125,2.8125,1.875
03/08/2024 03:35 ,4.1875,5.8125,5.5,4.125,2.75,1.8125
03/08/2024 07:35 ,3.8125,4.9375,5.25,4.125,2.75,1.8125
03/08/2024 11:35 ,6.5,5,5,4.0625,2.6875,1.8125
03/08/2024 15:35 ,8.1875,6.125,4.875,4,2.6875,1.75
03/08/2024 19:35 ,8.0625,6.75,5.0625,3.9375,2.625,1.75
03/08/2024 23:35 ,7,6.6875,5.1875,3.9375,2.625,1.75
04/08/2024 03:35 ,5.875,6.25,5.3125,3.9375,2.5625,1.75
04/08/2024 07:35 ,5.9375,5.75,5.25,3.9375,2.5625,1.6875
04/08/2024 11:35 ,9,6.1875,5.125,3.9375,2.5625,1.75
04/08/2024 15:35 ,11.75,7.8125,5.1875,3.875,2.5625,1.6875
04/08/2024 19:35 ,10.6875,8.6875,5.5625,3.9375,2.5625,1.6875
04/08/2024 23:35 ,9.6875,8.75,5.9375,4.0625,2.5625,1.6875
05/08/2024 03:35 ,9.25,8.375,6.125,4.125,2.625,1.6875
05/08/2024 07:35 ,9.8125,8.25,6.1875,4.25,2.625,1.6875
05/08/2024 11:35 ,12.5625,9.1875,6.25,4.3125,2.6875,1.75
05/08/2024 15:35 ,17.8125,11.8125,6.625,4.4375,2.6875,1.75
05/08/2024 19:35 ,16.375,13.125,7.375,4.5625,2.75,1.75
05/08/2024 23:35 ,13,12.25,8,4.875,2.8125,1.8125
06/08/2024 03:35 ,11.125,10.9375,8.25,5.125,2.9375,1.875
06/08/2024 07:35 ,11.125,10.3125,8.1875,5.375,3.0625,1.9375
06/08/2024 11:35 ,13.5,10.9375,8.0625,5.5,3.25,2
06/08/2024 15:35 ,16.5625,12.6875,8.25,5.625,3.375,2.0625
06/08/2024 19:35 ,15.0625,13.0625,8.6875,5.8125,3.5,2.1875
06/08/2024 23:35 ,12.75,12.25,9,6,3.625,2.3125
07/08/2024 03:35 ,11.625,11.375,9.125,6.25,3.8125,2.375
07/08/2024 07:35 ,11.625,10.875,9,6.375,3.9375,2.4375
07/08/2024 11:35 ,15.625,11.875,8.9375,6.5,4.0625,2.5625
07/08/2024 15:35 ,15.3125,13.0625,9.125,6.5625,4.1875,2.625
07/08/2024 19:35 ,13.25,12.6875,9.5,6.6875,4.3125,2.75
07/08/2024 23:35 ,11.875,11.875,9.625,6.9375,4.4375,2.875
08/08/2024 03:35 ,11.1875,11.25,9.5625,7.0625,4.5625,3
08/08/2024 07:35 ,11.125,10.875,9.4375,7.125,4.6875,3.0625
08/08/2024 11:35 ,13.5625,11.5625,9.375,7.1875,4.8125,3.125
08/08/2024 15:35 ,15.125,12.5,9.4375,7.1875,4.8125,3.1875
08/08/2024 19:35 ,13.4375,12.75,9.6875,7.3125,4.9375,3.3125
08/08/2024 23:35 ,11.75,11.75,9.8125,7.375,5,3.375
09/08/2024 03:35 ,10.8125,11.0625,9.75,7.4375,5.0625,3.375
09/08/2024 07:35 ,10.6875,10.5625,9.5625,7.4375,5.0625,3.375
09/08/2024 11:35 ,11.875,10.625,9.3125,7.3125,5,3.375
09/08/2024 15:35 ,14.0625,12,9.3125,7.3125,5,3.375
09/08/2024 19:35 ,12.625,12,9.5625,7.3125,5,3.375
09/08/2024 23:35 ,10.625,11.25,9.625,7.3125,5,3.375
10/08/2024 03:35 ,8.8125,10.1875,9.4375,7.3125,5,3.375
10/08/2024 07:35 ,8.1875,9.1875,9.125,7.25,5,3.375
10/08/2024 11:35 ,9.375,9.0625,8.75,7.1875,5,3.375
10/08/2024 15:35 ,13.5,10,8.5625,7.0625,5,3.375
10/08/2024 19:35 ,10.875,10.5625,8.625,6.9375,4.9375,3.375
10/08/2024 23:35 ,8.9375,9.8125,8.6875,6.9375,4.875,3.375
11/08/2024 03:35 ,7.1875,8.625,8.5625,6.875,4.875,3.375
11/08/2024 07:35 ,6.875,7.875,8.1875,6.8125,4.8125,3.375
11/08/2024 11:35 ,9.25,8,7.8125,6.625,4.75,3.3125
11/08/2024 15:35 ,10.625,9.1875,7.75,6.5,4.75,3.3125
11/08/2024 19:35 ,10.375,9.6875,7.875,6.4375,4.6875,3.3125
11/08/2024 23:35 ,7.625,8.9375,8,6.4375,4.625,3.25
12/08/2024 03:35 ,6.5,7.6875,7.8125,6.375,4.5625,3.25
12/08/2024 07:35 ,6.5625,7.125,7.4375,6.3125,4.5625,3.25
12/08/2024 11:35 ,8.6875,7.5625,7.1875,6.1875,4.5,3.1875
12/08/2024 15:35 ,9.0625,8.375,7.1875,6.0625,4.4375,3.1875
12/08/2024 19:35 ,9.5625,8.9375,7.25,6,4.375,3.1875
12/08/2024 23:35 ,7,8.25,7.4375,5.9375,4.3125,3.125
13/08/2024 03:35 ,5.375,6.875,7.25,5.9375,4.3125,3.0625
13/08/2024 07:35 ,5.1875,6,6.8125,5.875,4.25,3.0625
13/08/2024 11:35 ,8.1875,6.5,6.4375,5.6875,4.25,3.0625
13/08/2024 15:35 ,9.6875,7.875,6.4375,5.5625,4.125,3
13/08/2024 19:35 ,9.125,8.4375,6.6875,5.5,4.125,3
13/08/2024 23:35 ,7,7.75,6.875,5.5,4.0625,2.9375
14/08/2024 03:35 ,5.5,6.625,6.75,5.5,4.0625,2.9375
14/08/2024 07:35 ,5.625,5.9375,6.4375,5.4375,4.0625,2.9375
14/08/2024 11:35 ,9.8125,6.875,6.1875,5.3125,3.9375,2.875
14/08/2024 15:35 ,10.0625,8.5,6.3125,5.25,3.875,2.875
14/08/2024 19:35 ,8.875,8.625,6.6875,5.3125,3.9375,2.875
14/08/2024 23:35 ,7.375,7.9375,6.875,5.375,3.9375,2.875
15/08/2024 03:35 ,6.25,7.0625,6.75,5.4375,3.9375,2.875
15/08/2024 07:35 ,6.125,6.5,6.5,5.375,3.9375,2.875
15/08/2024 11:35 ,8.8125,7.0625,6.3125,5.3125,3.9375,2.875
15/08/2024 15:35 ,10.3125,8.4375,6.375,5.25,3.9375,2.8125
15/08/2024 19:35 ,9.1875,8.75,6.6875,5.3125,3.9375,2.875
15/08/2024 23:35 ,8.125,8.1875,6.9375,5.375,3.9375,2.875
16/08/2024 03:35 ,7.75,7.75,6.9375,5.4375,3.9375,2.875
16/08/2024 07:35 ,7.5,7.4375,6.8125,5.4375,3.9375,2.875
16/08/2024 11:35 ,8.25,7.5,6.6875,5.4375,3.9375,2.875
16/08/2024 15:35 ,13.375,8.8125,6.6875,5.4375,3.9375,2.875
16/08/2024 19:35 ,10.0625,9.625,7.0625,5.4375,4,2.875
16/08/2024 23:35 ,8.625,8.9375,7.3125,5.625,4.0625,3
17/08/2024 03:35 ,6.5625,8,7.3125,5.6875,4.0625,2.9375
17/08/2024 07:35 ,5.125,6.5,7,5.6875,4.0625,2.9375
17/08/2024 11:35 ,7.6875,6.4375,6.625,5.5625,4,2.875
17/08/2024 15:35 ,9.0625,7.5,6.5,5.4375,4,2.875
17/08/2024 19:35 ,8.8125,8.0625,6.5625,5.375,3.9375,2.875
17/08/2024 23:35 ,7.5,7.6875,6.6875,5.375,3.9375,2.875
18/08/2024 03:35 ,7.25,7.25,6.6875,5.375,3.875,2.8125
18/08/2024 07:35 ,7.625,7.1875,6.5,5.3125,3.875,2.8125
18/08/2024 11:35 ,8.9375,7.5,6.4375,5.3125,3.875,2.8125
18/08/2024 15:35 ,10.5,8.75,6.5625,5.25,3.8125,2.8125
18/08/2024 19:35 ,10.625,9.25,6.875,5.3125,3.8125,2.8125
18/08/2024 23:35 ,8.6875,8.875,7.125,5.375,3.8125,2.8125
19/08/2024 03:35 ,7.125,7.9375,7.1875,5.5,3.875,2.8125
19/08/2024 07:35 ,6,6.8125,6.875,5.5,3.875,2.8125
19/08/2024 11:35 ,7.8125,6.8125,6.5625,5.375,3.875,2.8125
19/08/2024 15:35 ,10.1875,7.8125,6.4375,5.3125,3.8125,2.8125
19/08/2024 19:35 ,8.25,8.4375,6.6875,5.3125,3.875,2.8125
19/08/2024 23:35 ,5.75,7.3125,6.8125,5.375,3.875,2.875
20/08/2024 03:35 ,4.5625,6,6.5,5.3125,3.875,2.8125
20/08/2024 07:35 ,3.9375,5.125,6.0625,5.25,3.875,2.8125
20/08/2024 11:35 ,5.375,5,5.625,5.0625,3.8125,2.8125
20/08/2024 15:35 ,6.3125,5.4375,5.375,4.9375,3.75,2.8125
20/08/2024 19:35 ,6.8125,6.125,5.375,4.8125,3.6875,2.75
20/08/2024 23:35 ,5.25,5.9375,5.4375,4.6875,3.625,2.75
21/08/2024 03:35 ,4.125,5.125,5.375,4.625,3.5625,2.6875
21/08/2024 07:35 ,4,4.5,5.125,4.5625,3.5,2.6875
21/08/2024 11:35 ,5.5,4.625,4.875,4.4375,3.4375,2.625
21/08/2024 15:35 ,5.9375,5,4.75,4.3125,3.375,2.5625
21/08/2024 19:35 ,7,6,4.8125,4.25,3.3125,2.5625
21/08/2024 23:35 ,5.4375,5.75,5,4.1875,3.25,2.5625
22/08/2024 03:35 ,4.5625,5.1875,5,4.1875,3.25,2.5
22/08/2024 07:35 ,4.25,4.6875,4.875,4.1875,3.1875,2.5
22/08/2024 11:35 ,6.1875,4.9375,4.6875,4.125,3.1875,2.4375
22/08/2024 15:35 ,6.5625,5.5625,4.6875,4.0625,3.1875,2.4375
22/08/2024 19:35 ,5.6875,5.6875,4.8125,4.0625,3.125,2.375
22/08/2024 23:35 ,4.6875,5.25,4.875,4.0625,3.0625,2.375
23/08/2024 03:35 ,4.0625,4.75,4.75,4,3.0625,2.375
23/08/2024 07:35 ,3.625,4.3125,4.625,3.9375,3,2.3125
23/08/2024 11:35 ,4.25,4.0625,4.375,3.875,2.9375,2.3125
23/08/2024 15:35 ,5.5,4.5,4.25,3.8125,2.9375,2.25
23/08/2024 19:35 ,5.625,5,4.25,3.75,2.875,2.25
23/08/2024 23:35 ,4.375,4.8125,4.375,3.6875,2.8125,2.1875
24/08/2024 03:35 ,3.5625,4.3125,4.3125,3.6875,2.75,2.125
24/08/2024 07:35 ,2.875,3.75,4.1875,3.625,2.75,2.125
24/08/2024 11:35 ,4.125,3.625,3.9375,3.5,2.6875,2.0625
24/08/2024 15:35 ,6.0625,4.25,3.8125,3.4375,2.625,2.0625
24/08/2024 19:35 ,5.5,4.9375,3.9375,3.375,2.625,2
24/08/2024 23:35 ,4.1875,4.6875,4.0625,3.3125,2.5625,2
25/08/2024 03:35 ,2.9375,4.0625,4.0625,3.375,2.5625,1.9375
25/08/2024 07:35 ,2.5625,3.4375,3.875,3.3125,2.5,1.9375
25/08/2024 11:35 ,3.75,3.3125,3.625,3.25,2.5,1.9375
25/08/2024 15:35 ,6.9375,4.3125,3.5625,3.1875,2.4375,1.875
25/08/2024 19:35 ,6.5625,5.375,3.75,3.125,2.4375,1.875
25/08/2024 23:35 ,4.1875,5.125,4.0625,3.1875,2.375,1.875
26/08/2024 03:35 ,2.6875,4.0625,4.0625,3.1875,2.375,1.8125
26/08/2024 07:35 ,1.9375,3.125,3.8125,3.1875,2.375,1.8125
26/08/2024 11:35 ,4.8125,3.1875,3.5625,3.125,2.3125,1.8125
26/08/2024 15:35 ,8.6875,4.9375,3.4375,3.0625,2.3125,1.8125
26/08/2024 19:35 ,7.8125,6.375,3.875,3.0625,2.3125,1.75
26/08/2024 23:35 ,5.25,5.875,4.3125,3.125,2.25,1.75
27/08/2024 03:35 ,3.625,4.8125,4.4375,3.25,2.3125,1.75
27/08/2024 07:35 ,3,3.875,4.1875,3.3125,2.3125,1.75
27/08/2024 11:35 ,5.5625,4.125,3.9375,3.3125,2.375,1.75
27/08/2024 15:35 ,7.625,5.625,3.9375,3.25,2.375,1.75
27/08/2024 19:35 ,7.125,6.3125,4.3125,3.25,2.3125,1.75
27/08/2024 23:35 ,5.8125,5.9375,4.625,3.375,2.375,1.75
28/08/2024 03:35 ,4.9375,5.375,4.6875,3.4375,2.375,1.8125
28/08/2024 07:35 ,4.875,4.9375,4.5625,3.5,2.4375,1.8125
28/08/2024 11:35 ,6.625,5.3125,4.4375,3.5,2.4375,1.8125
28/08/2024 15:35 ,7.875,6.0625,4.5625,3.5,2.5,1.8125
28/08/2024 19:35 ,8.5,7.125,4.8125,3.5625,2.5,1.8125
28/08/2024 23:35 ,6.625,6.75,5.125,3.6875,2.5,1.875
29/08/2024 03:35 ,5.5,6.0625,5.1875,3.75,2.5625,1.875
29/08/2024 07:35 ,3.3125,5.125,5.0625,3.8125,2.625,1.875
29/08/2024 11:35 ,3.0625,4.0625,4.75,3.8125,2.625,1.875
29/08/2024 15:35 ,3.875,3.875,4.375,3.75,2.625,1.9375
29/08/2024 19:35 ,3.3125,3.875,4.125,3.625,2.625,1.875
29/08/2024 23:35 ,2.375,3.3125,3.9375,3.5,2.625,1.9375
30/08/2024 03:35 ,2,2.8125,3.6875,3.375,2.5625,1.9375
30/08/2024 07:35 ,1.625,2.5,3.4375,3.25,2.5,1.875
30/08/2024 11:35 ,3.0625,2.4375,3.1875,3.125,2.4375,1.875
30/08/2024 15:35 ,5.8125,3.625,3.0625,3,2.375,1.875
30/08/2024 19:35 ,4.625,4.3125,3.25,2.9375,2.3125,1.8125
30/08/2024 23:35 ,2.3125,3.5625,3.4375,2.875,2.25,1.75
31/08/2024 03:35 ,1.75,2.6875,3.3125,2.875,2.25,1.75
31/08/2024 07:35 ,1.375,2.1875,3.0625,2.8125,2.1875,1.6875
31/08/2024 11:35 ,2.25,2.125,2.8125,2.6875,2.125,1.6875
31/08/2024 15:35 ,3.8125,2.875,2.6875,2.625,2.0625,1.625
31/08/2024 19:35 ,3.5625,3.25,2.8125,2.5,2,1.625
31/08/2024 23:35 ,2.6875,3.0625,2.875,2.5,1.9375,1.5625
01/09/2024 03:35 ,1.875,2.5625,2.8125,2.4375,1.9375,1.5625
01/09/2024 07:35 ,1.25,2,2.6875,2.4375,1.875,1.5
01/09/2024 11:35 ,1.625,1.8125,2.4375,2.375,1.8125,1.5
01/09/2024 15:35 ,3.125,2.1875,2.3125,2.25,1.8125,1.4375
01/09/2024 19:35 ,3.625,2.9375,2.375,2.1875,1.75,1.4375
01/09/2024 23:35 ,1.3125,2.4375,2.5,2.1875,1.6875,1.375
02/09/2024 03:35 ,0.1875,1.5,2.375,2.125,1.6875,1.375
02/09/2024 07:35 ,0.1875,0.9375,2.125,2.0625,1.625,1.3125
02/09/2024 11:35 ,1.5,0.9375,1.875,2,1.5625,1.3125
02/09/2024 15:35 ,5.3125,2.5625,1.8125,1.875,1.5,1.25
02/09/2024 19:35 ,3.8125,3.5,2.0625,1.8125,1.5,1.25
02/09/2024 23:35 ,2.0625,2.75,2.375,1.8125,1.4375,1.1875
03/09/2024 03:35 ,2,2.1875,2.3125,1.875,1.375,1.1875
03/09/2024 07:35 ,2.125,2.0625,2.1875,1.875,1.375,1.125
03/09/2024 11:35 ,3.0625,2.375,2.125,1.8125,1.375,1.125
03/09/2024 15:35 ,3.875,2.9375,2.1875,1.8125,1.375,1.125
03/09/2024 19:35 ,4.375,3.4375,2.3125,1.8125,1.3125,1.0625
03/09/2024 23:35 ,3,3.3125,2.5,1.875,1.3125,1.0625
04/09/2024 03:35 ,2,2.6875,2.5625,1.875,1.3125,1.0625
04/09/2024 07:35 ,1.3125,2,2.4375,1.875,1.3125,1.0625
04/09/2024 11:35 ,3.75,2.1875,2.25,1.875,1.3125,1.0625
04/09/2024 15:35 ,7.375,4.3125,2.3125,1.875,1.3125,1
04/09/2024 19:35 ,6.4375,5.375,2.75,1.875,1.3125,1
04/09/2024 23:35 ,3.875,4.5,3.1875,2,1.3125,1
05/09/2024 03:35 ,3.3125,3.75,3.1875,2.125,1.375,1
